<?xml version="1.0" encoding="UTF-8"?>
<beans:beans xmlns="http://www.springframework.org/schema/mvc"
	xmlns:xsi="http://www.w3.org/2001/XMLSchema-instance"
	xmlns:beans="http://www.springframework.org/schema/beans"
	xmlns:context="http://www.springframework.org/schema/context"
	xsi:schemaLocation="http://www.springframework.org/schema/mvc 
		https://www.springframework.org/schema/mvc/spring-mvc.xsd
		http://www.springframework.org/schema/beans 
		https://www.springframework.org/schema/beans/spring-beans.xsd
		http://www.springframework.org/schema/context 
		https://www.springframework.org/schema/context/spring-context.xsd">

	<!-- DispatcherServlet Context: defines this servlet's request-processing infrastructure -->
	
	<!-- Enables the Spring MVC @Controller programming model -->
	<annotation-driven />

	<!-- Handles HTTP GET requests for /resources/** by efficiently serving up static resources in the ${webappRoot}/resources directory -->
	<resources mapping="/resources/**" location="/resources/" />

	<!-- Resolves views selected for rendering by @Controllers to .jsp resources in the /WEB-INF/views directory -->
	<beans:bean class="org.springframework.web.servlet.view.InternalResourceViewResolver">
		<beans:property name="prefix" value="/" />
		<beans:property name="suffix" value=".jsp" />
	</beans:bean>
	
	<beans:bean id="multipartResolver" class="org.springframework.web.multipart.commons.CommonsMultipartResolver">
		<beans:property name="maxUploadSize" value="10485760" />	
		
	</beans:bean>	
	
	<beans:bean id="uploadPath" class="java.lang.String">
	<beans:constructor-arg value="D:/dev_html/uploadFiles" />
	</beans:bean>
	
	
	
	<beans:bean id="uploadPath2" class="java.lang.String">
	<beans:constructor-arg value="D:\dev_html\uploadfile\" />
	</beans:bean>
	
	
	<beans:bean id="loginInterceptor" class="com.ezen.myapp.interceptor.LoginInterceptor"></beans:bean>

	<beans:bean id="authInterceptor" class="com.ezen.myapp.interceptor.AuthInterceptor"></beans:bean>


<!--  
    <interceptors>
    <interceptor>
    <mapping path="/member/memberLoginAction.do"/>
    <beans:ref bean="loginInterceptor"/>
    </interceptor>
    <interceptor>
    <mapping path="/board/boardList.do"/>
    <mapping path="/board/boardWrite.do"/>
    <beans:ref bean="authInterceptor"/>
    </interceptor>     
    </interceptors>
	-->
	<context:component-scan base-package="com.ezen.myapp.controller" />

	
	
</beans:beans>
