--------------------------------------------------------
--  파일이 생성됨 - 화요일-11월-02-2021   
--------------------------------------------------------
--------------------------------------------------------
--  DDL for Table BCLASS_MEMBER2
--------------------------------------------------------

  CREATE TABLE "BCLASS"."BCLASS_MEMBER2" 
   (	"MIDX" NUMBER, 
	"MEMBERID" VARCHAR2(20 BYTE), 
	"MEMBERPWD" VARCHAR2(20 BYTE), 
	"MEMBERNAME" VARCHAR2(20 BYTE), 
	"MEMBERGENDER" CHAR(10 BYTE), 
	"MEMBERBIRTH" NUMBER, 
	"MEMBERADDR" VARCHAR2(10 BYTE), 
	"MEMBERPHONE" NUMBER, 
	"MEMBERMBTI" VARCHAR2(10 BYTE), 
	"WRITEDAY" DATE DEFAULT sysdate, 
	"MDELYN" CHAR(1 BYTE) DEFAULT 'N', 
	"MEMBEREMAIL" VARCHAR2(100 BYTE), 
	"MEMBERNICKNAME" VARCHAR2(20 BYTE), 
	"AGGREMENT" CHAR(1 BYTE), 
	"INTRO" VARCHAR2(1000 BYTE), 
	"PHOTO" VARCHAR2(100 BYTE)
   ) SEGMENT CREATION IMMEDIATE 
  PCTFREE 10 PCTUSED 40 INITRANS 1 MAXTRANS 255 NOCOMPRESS LOGGING
  STORAGE(INITIAL 65536 NEXT 1048576 MINEXTENTS 1 MAXEXTENTS 2147483645
  PCTINCREASE 0 FREELISTS 1 FREELIST GROUPS 1 BUFFER_POOL DEFAULT FLASH_CACHE DEFAULT CELL_FLASH_CACHE DEFAULT)
  TABLESPACE "SYSTEM" ;
--------------------------------------------------------
--  DDL for Table BCLASS_COMMENT
--------------------------------------------------------

  CREATE TABLE "BCLASS"."BCLASS_COMMENT" 
   (	"CIDX" NUMBER, 
	"C_CONTENTS" VARCHAR2(200 BYTE), 
	"WRITEDAY" DATE DEFAULT sysdate, 
	"IP" VARCHAR2(20 BYTE), 
	"CDELYN" CHAR(1 BYTE) DEFAULT 'N', 
	"BIDX" NUMBER, 
	"MIDX" NUMBER
   ) SEGMENT CREATION IMMEDIATE 
  PCTFREE 10 PCTUSED 40 INITRANS 1 MAXTRANS 255 NOCOMPRESS LOGGING
  STORAGE(INITIAL 65536 NEXT 1048576 MINEXTENTS 1 MAXEXTENTS 2147483645
  PCTINCREASE 0 FREELISTS 1 FREELIST GROUPS 1 BUFFER_POOL DEFAULT FLASH_CACHE DEFAULT CELL_FLASH_CACHE DEFAULT)
  TABLESPACE "SYSTEM" ;
--------------------------------------------------------
--  DDL for Table BCLASS_BOARD
--------------------------------------------------------

  CREATE TABLE "BCLASS"."BCLASS_BOARD" 
   (	"BIDX" NUMBER, 
	"SUBJECT" VARCHAR2(50 BYTE), 
	"CONTENTS" VARCHAR2(1000 BYTE), 
	"VIEWCOUNT" NUMBER DEFAULT 0, 
	"WRITEDAY" DATE DEFAULT sysdate, 
	"IP" VARCHAR2(20 BYTE), 
	"BDELYN" CHAR(1 BYTE) DEFAULT 'N', 
	"PWD" VARCHAR2(20 BYTE), 
	"MIDX" NUMBER, 
	"FILENAME" VARCHAR2(100 BYTE)
   ) SEGMENT CREATION IMMEDIATE 
  PCTFREE 10 PCTUSED 40 INITRANS 1 MAXTRANS 255 NOCOMPRESS LOGGING
  STORAGE(INITIAL 65536 NEXT 1048576 MINEXTENTS 1 MAXEXTENTS 2147483645
  PCTINCREASE 0 FREELISTS 1 FREELIST GROUPS 1 BUFFER_POOL DEFAULT FLASH_CACHE DEFAULT CELL_FLASH_CACHE DEFAULT)
  TABLESPACE "SYSTEM" ;
REM INSERTING into BCLASS.BCLASS_MEMBER2
SET DEFINE OFF;
Insert into BCLASS.BCLASS_MEMBER2 (MIDX,MEMBERID,MEMBERPWD,MEMBERNAME,MEMBERGENDER,MEMBERBIRTH,MEMBERADDR,MEMBERPHONE,MEMBERMBTI,WRITEDAY,MDELYN,MEMBEREMAIL,MEMBERNICKNAME,AGGREMENT,INTRO,PHOTO) values (102,'test1','1111','김선민','남자    ',960417,'서울',1054545454,'ISTJ',null,'N','am@gmail.com','선민','Y','안녕하세요 저는 김선민입니다',null);
Insert into BCLASS.BCLASS_MEMBER2 (MIDX,MEMBERID,MEMBERPWD,MEMBERNAME,MEMBERGENDER,MEMBERBIRTH,MEMBERADDR,MEMBERPHONE,MEMBERMBTI,WRITEDAY,MDELYN,MEMBEREMAIL,MEMBERNICKNAME,AGGREMENT,INTRO,PHOTO) values (103,'test123','123','김정우','여자    ',960417,'전라',10101010,'ESFJ',null,'N','saase@ada','정우','Y',null,null);
Insert into BCLASS.BCLASS_MEMBER2 (MIDX,MEMBERID,MEMBERPWD,MEMBERNAME,MEMBERGENDER,MEMBERBIRTH,MEMBERADDR,MEMBERPHONE,MEMBERMBTI,WRITEDAY,MDELYN,MEMBEREMAIL,MEMBERNICKNAME,AGGREMENT,INTRO,PHOTO) values (123,'123','123','김선민1','남자    ',123,'경상',123,'ESFP',null,'N','2a23@gmail.com','1123','Y',null,null);
Insert into BCLASS.BCLASS_MEMBER2 (MIDX,MEMBERID,MEMBERPWD,MEMBERNAME,MEMBERGENDER,MEMBERBIRTH,MEMBERADDR,MEMBERPHONE,MEMBERMBTI,WRITEDAY,MDELYN,MEMBEREMAIL,MEMBERNICKNAME,AGGREMENT,INTRO,PHOTO) values (181,'test12','12341234','김선민','남자    ',960417,'서울',1054545454,'INFP',to_date('21/10/28','RR/MM/DD'),'N','1am@gmail.com','waea','Y',null,null);
Insert into BCLASS.BCLASS_MEMBER2 (MIDX,MEMBERID,MEMBERPWD,MEMBERNAME,MEMBERGENDER,MEMBERBIRTH,MEMBERADDR,MEMBERPHONE,MEMBERMBTI,WRITEDAY,MDELYN,MEMBEREMAIL,MEMBERNICKNAME,AGGREMENT,INTRO,PHOTO) values (161,'2','3','ㅈ','남자    ',3,'대전',3,'ENFP',to_date('21/10/20','RR/MM/DD'),'N','22a23@gmail.com','1','Y',null,null);
REM INSERTING into BCLASS.BCLASS_COMMENT
SET DEFINE OFF;
Insert into BCLASS.BCLASS_COMMENT (CIDX,C_CONTENTS,WRITEDAY,IP,CDELYN,BIDX,MIDX) values (323,' ㅋㅋㅋㅋ',to_date('21/10/19','RR/MM/DD'),null,'Y',1010643,103);
Insert into BCLASS.BCLASS_COMMENT (CIDX,C_CONTENTS,WRITEDAY,IP,CDELYN,BIDX,MIDX) values (324,' zzz',to_date('21/10/19','RR/MM/DD'),null,'Y',1010643,103);
Insert into BCLASS.BCLASS_COMMENT (CIDX,C_CONTENTS,WRITEDAY,IP,CDELYN,BIDX,MIDX) values (325,'zzzz',to_date('21/10/19','RR/MM/DD'),null,'Y',1010643,103);
Insert into BCLASS.BCLASS_COMMENT (CIDX,C_CONTENTS,WRITEDAY,IP,CDELYN,BIDX,MIDX) values (326,' sadsa',to_date('21/10/19','RR/MM/DD'),null,'Y',1010643,103);
Insert into BCLASS.BCLASS_COMMENT (CIDX,C_CONTENTS,WRITEDAY,IP,CDELYN,BIDX,MIDX) values (328,' zzzzzzzzz',to_date('21/10/19','RR/MM/DD'),null,'Y',1010643,102);
Insert into BCLASS.BCLASS_COMMENT (CIDX,C_CONTENTS,WRITEDAY,IP,CDELYN,BIDX,MIDX) values (329,'안녕',to_date('21/10/19','RR/MM/DD'),null,'Y',1010643,102);
Insert into BCLASS.BCLASS_COMMENT (CIDX,C_CONTENTS,WRITEDAY,IP,CDELYN,BIDX,MIDX) values (330,' zzz',to_date('21/10/19','RR/MM/DD'),null,'Y',1010643,103);
Insert into BCLASS.BCLASS_COMMENT (CIDX,C_CONTENTS,WRITEDAY,IP,CDELYN,BIDX,MIDX) values (331,' zzz',to_date('21/10/19','RR/MM/DD'),null,'N',1010641,103);
Insert into BCLASS.BCLASS_COMMENT (CIDX,C_CONTENTS,WRITEDAY,IP,CDELYN,BIDX,MIDX) values (332,'13131311',to_date('21/10/19','RR/MM/DD'),null,'Y',1010641,103);
Insert into BCLASS.BCLASS_COMMENT (CIDX,C_CONTENTS,WRITEDAY,IP,CDELYN,BIDX,MIDX) values (334,' ㅎㅇㅎㅇ',to_date('21/10/19','RR/MM/DD'),null,'Y',1010643,102);
Insert into BCLASS.BCLASS_COMMENT (CIDX,C_CONTENTS,WRITEDAY,IP,CDELYN,BIDX,MIDX) values (336,' ',to_date('21/10/19','RR/MM/DD'),null,'Y',1010643,102);
Insert into BCLASS.BCLASS_COMMENT (CIDX,C_CONTENTS,WRITEDAY,IP,CDELYN,BIDX,MIDX) values (339,' ',to_date('21/10/19','RR/MM/DD'),null,'Y',1010643,102);
Insert into BCLASS.BCLASS_COMMENT (CIDX,C_CONTENTS,WRITEDAY,IP,CDELYN,BIDX,MIDX) values (340,' ',to_date('21/10/19','RR/MM/DD'),null,'Y',1010643,102);
Insert into BCLASS.BCLASS_COMMENT (CIDX,C_CONTENTS,WRITEDAY,IP,CDELYN,BIDX,MIDX) values (343,' ',to_date('21/10/19','RR/MM/DD'),null,'Y',1010643,102);
Insert into BCLASS.BCLASS_COMMENT (CIDX,C_CONTENTS,WRITEDAY,IP,CDELYN,BIDX,MIDX) values (345,' ',to_date('21/10/19','RR/MM/DD'),null,'Y',1010643,102);
Insert into BCLASS.BCLASS_COMMENT (CIDX,C_CONTENTS,WRITEDAY,IP,CDELYN,BIDX,MIDX) values (347,' ',to_date('21/10/19','RR/MM/DD'),null,'Y',1010643,102);
Insert into BCLASS.BCLASS_COMMENT (CIDX,C_CONTENTS,WRITEDAY,IP,CDELYN,BIDX,MIDX) values (348,' ㅎㅇㅎ',to_date('21/10/19','RR/MM/DD'),null,'Y',1010643,102);
Insert into BCLASS.BCLASS_COMMENT (CIDX,C_CONTENTS,WRITEDAY,IP,CDELYN,BIDX,MIDX) values (349,'ㅀㅎㅎ',to_date('21/10/19','RR/MM/DD'),null,'Y',1010643,102);
Insert into BCLASS.BCLASS_COMMENT (CIDX,C_CONTENTS,WRITEDAY,IP,CDELYN,BIDX,MIDX) values (350,'ㅋㅋㅋㅋ',to_date('21/10/19','RR/MM/DD'),null,'Y',1010643,102);
Insert into BCLASS.BCLASS_COMMENT (CIDX,C_CONTENTS,WRITEDAY,IP,CDELYN,BIDX,MIDX) values (351,' zzzzz',to_date('21/10/19','RR/MM/DD'),null,'N',1010641,102);
Insert into BCLASS.BCLASS_COMMENT (CIDX,C_CONTENTS,WRITEDAY,IP,CDELYN,BIDX,MIDX) values (352,'242142141',to_date('21/10/19','RR/MM/DD'),null,'Y',1010641,102);
Insert into BCLASS.BCLASS_COMMENT (CIDX,C_CONTENTS,WRITEDAY,IP,CDELYN,BIDX,MIDX) values (353,'af',to_date('21/10/19','RR/MM/DD'),null,'N',1010641,102);
Insert into BCLASS.BCLASS_COMMENT (CIDX,C_CONTENTS,WRITEDAY,IP,CDELYN,BIDX,MIDX) values (354,' 1',to_date('21/10/19','RR/MM/DD'),null,'N',1010643,102);
Insert into BCLASS.BCLASS_COMMENT (CIDX,C_CONTENTS,WRITEDAY,IP,CDELYN,BIDX,MIDX) values (355,'2',to_date('21/10/19','RR/MM/DD'),null,'N',1010643,102);
Insert into BCLASS.BCLASS_COMMENT (CIDX,C_CONTENTS,WRITEDAY,IP,CDELYN,BIDX,MIDX) values (356,'3',to_date('21/10/19','RR/MM/DD'),null,'N',1010643,102);
Insert into BCLASS.BCLASS_COMMENT (CIDX,C_CONTENTS,WRITEDAY,IP,CDELYN,BIDX,MIDX) values (357,'4',to_date('21/10/19','RR/MM/DD'),null,'N',1010643,102);
Insert into BCLASS.BCLASS_COMMENT (CIDX,C_CONTENTS,WRITEDAY,IP,CDELYN,BIDX,MIDX) values (358,'5',to_date('21/10/19','RR/MM/DD'),null,'N',1010643,102);
Insert into BCLASS.BCLASS_COMMENT (CIDX,C_CONTENTS,WRITEDAY,IP,CDELYN,BIDX,MIDX) values (359,'6',to_date('21/10/19','RR/MM/DD'),null,'N',1010643,102);
Insert into BCLASS.BCLASS_COMMENT (CIDX,C_CONTENTS,WRITEDAY,IP,CDELYN,BIDX,MIDX) values (360,'7',to_date('21/10/19','RR/MM/DD'),null,'N',1010643,102);
Insert into BCLASS.BCLASS_COMMENT (CIDX,C_CONTENTS,WRITEDAY,IP,CDELYN,BIDX,MIDX) values (361,'8',to_date('21/10/19','RR/MM/DD'),null,'N',1010643,102);
Insert into BCLASS.BCLASS_COMMENT (CIDX,C_CONTENTS,WRITEDAY,IP,CDELYN,BIDX,MIDX) values (362,'9',to_date('21/10/19','RR/MM/DD'),null,'N',1010643,102);
Insert into BCLASS.BCLASS_COMMENT (CIDX,C_CONTENTS,WRITEDAY,IP,CDELYN,BIDX,MIDX) values (363,'10',to_date('21/10/19','RR/MM/DD'),null,'Y',1010643,102);
Insert into BCLASS.BCLASS_COMMENT (CIDX,C_CONTENTS,WRITEDAY,IP,CDELYN,BIDX,MIDX) values (364,' 11',to_date('21/10/19','RR/MM/DD'),null,'N',1010642,102);
Insert into BCLASS.BCLASS_COMMENT (CIDX,C_CONTENTS,WRITEDAY,IP,CDELYN,BIDX,MIDX) values (365,' 11',to_date('21/10/19','RR/MM/DD'),null,'Y',1010643,102);
Insert into BCLASS.BCLASS_COMMENT (CIDX,C_CONTENTS,WRITEDAY,IP,CDELYN,BIDX,MIDX) values (366,' ㅇㄴㅁㅇ',to_date('21/10/19','RR/MM/DD'),null,'N',1010643,103);
Insert into BCLASS.BCLASS_COMMENT (CIDX,C_CONTENTS,WRITEDAY,IP,CDELYN,BIDX,MIDX) values (367,' ',to_date('21/10/19','RR/MM/DD'),null,'N',1010643,103);
Insert into BCLASS.BCLASS_COMMENT (CIDX,C_CONTENTS,WRITEDAY,IP,CDELYN,BIDX,MIDX) values (369,' dsada',to_date('21/10/19','RR/MM/DD'),null,'N',1010641,103);
Insert into BCLASS.BCLASS_COMMENT (CIDX,C_CONTENTS,WRITEDAY,IP,CDELYN,BIDX,MIDX) values (370,'vxcxx',to_date('21/10/19','RR/MM/DD'),null,'N',1010641,103);
Insert into BCLASS.BCLASS_COMMENT (CIDX,C_CONTENTS,WRITEDAY,IP,CDELYN,BIDX,MIDX) values (371,'vdsvsd',to_date('21/10/19','RR/MM/DD'),null,'N',1010641,103);
Insert into BCLASS.BCLASS_COMMENT (CIDX,C_CONTENTS,WRITEDAY,IP,CDELYN,BIDX,MIDX) values (381,' test',to_date('21/10/26','RR/MM/DD'),null,'N',1010661,102);
Insert into BCLASS.BCLASS_COMMENT (CIDX,C_CONTENTS,WRITEDAY,IP,CDELYN,BIDX,MIDX) values (401,' 123',to_date('21/10/28','RR/MM/DD'),null,'N',1010701,102);
Insert into BCLASS.BCLASS_COMMENT (CIDX,C_CONTENTS,WRITEDAY,IP,CDELYN,BIDX,MIDX) values (402,' ',to_date('21/10/28','RR/MM/DD'),null,'N',1010643,102);
Insert into BCLASS.BCLASS_COMMENT (CIDX,C_CONTENTS,WRITEDAY,IP,CDELYN,BIDX,MIDX) values (403,' 고야이',to_date('21/10/28','RR/MM/DD'),null,'N',1010703,102);
Insert into BCLASS.BCLASS_COMMENT (CIDX,C_CONTENTS,WRITEDAY,IP,CDELYN,BIDX,MIDX) values (421,' adsdasas',to_date('21/10/29','RR/MM/DD'),null,'N',1010643,103);
Insert into BCLASS.BCLASS_COMMENT (CIDX,C_CONTENTS,WRITEDAY,IP,CDELYN,BIDX,MIDX) values (423,'fdsfdsfds',to_date('21/10/29','RR/MM/DD'),null,'N',1010643,103);
Insert into BCLASS.BCLASS_COMMENT (CIDX,C_CONTENTS,WRITEDAY,IP,CDELYN,BIDX,MIDX) values (321,' 1',to_date('21/10/19','RR/MM/DD'),null,'Y',1010643,103);
Insert into BCLASS.BCLASS_COMMENT (CIDX,C_CONTENTS,WRITEDAY,IP,CDELYN,BIDX,MIDX) values (322,' ㅋㅋ',to_date('21/10/19','RR/MM/DD'),null,'Y',1010643,103);
REM INSERTING into BCLASS.BCLASS_BOARD
SET DEFINE OFF;
Insert into BCLASS.BCLASS_BOARD (BIDX,SUBJECT,CONTENTS,VIEWCOUNT,WRITEDAY,IP,BDELYN,PWD,MIDX,FILENAME) values (1010641,'글이 잘써질까?','1',0,to_date('21/10/18','RR/MM/DD'),'192.168.0.185','N','1',102,null);
Insert into BCLASS.BCLASS_BOARD (BIDX,SUBJECT,CONTENTS,VIEWCOUNT,WRITEDAY,IP,BDELYN,PWD,MIDX,FILENAME) values (1010642,'ㅎㅇ','ㅋㅋ',0,to_date('21/10/18','RR/MM/DD'),'192.168.0.185','N','1',102,null);
Insert into BCLASS.BCLASS_BOARD (BIDX,SUBJECT,CONTENTS,VIEWCOUNT,WRITEDAY,IP,BDELYN,PWD,MIDX,FILENAME) values (1010643,'im정우zzz','1zzzzz',0,to_date('21/10/18','RR/MM/DD'),'192.168.0.185','N','1',103,null);
Insert into BCLASS.BCLASS_BOARD (BIDX,SUBJECT,CONTENTS,VIEWCOUNT,WRITEDAY,IP,BDELYN,PWD,MIDX,FILENAME) values (1010661,'test','test',0,to_date('21/10/26','RR/MM/DD'),'192.168.0.185','N','1111',102,null);
Insert into BCLASS.BCLASS_BOARD (BIDX,SUBJECT,CONTENTS,VIEWCOUNT,WRITEDAY,IP,BDELYN,PWD,MIDX,FILENAME) values (1010681,'귀여운','고양이',0,to_date('21/10/28','RR/MM/DD'),'192.168.0.185','Y','1',102,'cat.jpg');
Insert into BCLASS.BCLASS_BOARD (BIDX,SUBJECT,CONTENTS,VIEWCOUNT,WRITEDAY,IP,BDELYN,PWD,MIDX,FILENAME) values (1010682,'Google검색 또는 URL입력1','4r',0,to_date('21/10/28','RR/MM/DD'),'192.168.0.185','Y','1',102,'0604.zip');
Insert into BCLASS.BCLASS_BOARD (BIDX,SUBJECT,CONTENTS,VIEWCOUNT,WRITEDAY,IP,BDELYN,PWD,MIDX,FILENAME) values (1010701,'12312313','13',0,to_date('21/10/28','RR/MM/DD'),'192.168.0.185','N','1',102,null);
Insert into BCLASS.BCLASS_BOARD (BIDX,SUBJECT,CONTENTS,VIEWCOUNT,WRITEDAY,IP,BDELYN,PWD,MIDX,FILENAME) values (1010702,'Google검색 또는 URL입력1','123',0,to_date('21/10/28','RR/MM/DD'),'192.168.0.185','N','123',102,'/2021/10/28/25fceac7-3536-4594-b969-4d4f6aedc2b7_lion.jpg');
Insert into BCLASS.BCLASS_BOARD (BIDX,SUBJECT,CONTENTS,VIEWCOUNT,WRITEDAY,IP,BDELYN,PWD,MIDX,FILENAME) values (1010703,'고양이','11',0,to_date('21/10/28','RR/MM/DD'),'192.168.0.185','N','1',102,'/2021/10/28/c9c9b93d-b068-4b7c-a28f-5731ffe94e9b_cat.jpg');
Insert into BCLASS.BCLASS_BOARD (BIDX,SUBJECT,CONTENTS,VIEWCOUNT,WRITEDAY,IP,BDELYN,PWD,MIDX,FILENAME) values (1010721,'adsdsasd','asadsasd',0,to_date('21/10/29','RR/MM/DD'),'192.168.0.185','N','adsadsads',103,'/2021/10/29/9a155dac-b5cf-4fd6-87df-c67f621f21bb_s-7bef1679-8647-4ed1-9564-d7e062dbd46c_lion.jpg');
Insert into BCLASS.BCLASS_BOARD (BIDX,SUBJECT,CONTENTS,VIEWCOUNT,WRITEDAY,IP,BDELYN,PWD,MIDX,FILENAME) values (1010741,'가가가가가가가가가가가가가가가가','1231',0,to_date('21/11/01','RR/MM/DD'),'192.168.0.185','N','1',102,'/2021/11/01/9c4b9aed-0cb5-4318-ac31-e1e0224fc959_cat.jpg');
Insert into BCLASS.BCLASS_BOARD (BIDX,SUBJECT,CONTENTS,VIEWCOUNT,WRITEDAY,IP,BDELYN,PWD,MIDX,FILENAME) values (1010742,'12312313132','
1231',0,to_date('21/11/01','RR/MM/DD'),'192.168.0.185','N','1',102,'/2021/11/01/0826bf99-407b-4634-84f5-e7af586ba4e9_cat.jpg');
Insert into BCLASS.BCLASS_BOARD (BIDX,SUBJECT,CONTENTS,VIEWCOUNT,WRITEDAY,IP,BDELYN,PWD,MIDX,FILENAME) values (1010761,'글추가','1',0,to_date('21/11/01','RR/MM/DD'),'192.168.0.185','N','1',102,null);
Insert into BCLASS.BCLASS_BOARD (BIDX,SUBJECT,CONTENTS,VIEWCOUNT,WRITEDAY,IP,BDELYN,PWD,MIDX,FILENAME) values (1010762,'글추가1','12',0,to_date('21/11/01','RR/MM/DD'),'192.168.0.185','N','1',102,null);
Insert into BCLASS.BCLASS_BOARD (BIDX,SUBJECT,CONTENTS,VIEWCOUNT,WRITEDAY,IP,BDELYN,PWD,MIDX,FILENAME) values (1010763,'1','2',0,to_date('21/11/01','RR/MM/DD'),'192.168.0.185','N','1',102,null);
Insert into BCLASS.BCLASS_BOARD (BIDX,SUBJECT,CONTENTS,VIEWCOUNT,WRITEDAY,IP,BDELYN,PWD,MIDX,FILENAME) values (1010764,'1','1',0,to_date('21/11/01','RR/MM/DD'),'192.168.0.185','N','1',102,null);
Insert into BCLASS.BCLASS_BOARD (BIDX,SUBJECT,CONTENTS,VIEWCOUNT,WRITEDAY,IP,BDELYN,PWD,MIDX,FILENAME) values (1010765,'1','1',0,to_date('21/11/01','RR/MM/DD'),'192.168.0.185','N','1',102,null);
Insert into BCLASS.BCLASS_BOARD (BIDX,SUBJECT,CONTENTS,VIEWCOUNT,WRITEDAY,IP,BDELYN,PWD,MIDX,FILENAME) values (1010766,'1','1',0,to_date('21/11/01','RR/MM/DD'),'192.168.0.185','N','1',102,null);
Insert into BCLASS.BCLASS_BOARD (BIDX,SUBJECT,CONTENTS,VIEWCOUNT,WRITEDAY,IP,BDELYN,PWD,MIDX,FILENAME) values (1010767,'1','1',0,to_date('21/11/01','RR/MM/DD'),'192.168.0.185','N','1',102,null);
Insert into BCLASS.BCLASS_BOARD (BIDX,SUBJECT,CONTENTS,VIEWCOUNT,WRITEDAY,IP,BDELYN,PWD,MIDX,FILENAME) values (1010768,'1','1',0,to_date('21/11/01','RR/MM/DD'),'192.168.0.185','N','1',102,null);
--------------------------------------------------------
--  DDL for Index MIDX_PK12
--------------------------------------------------------

  CREATE UNIQUE INDEX "BCLASS"."MIDX_PK12" ON "BCLASS"."BCLASS_MEMBER2" ("MIDX") 
  PCTFREE 10 INITRANS 2 MAXTRANS 255 COMPUTE STATISTICS 
  STORAGE(INITIAL 65536 NEXT 1048576 MINEXTENTS 1 MAXEXTENTS 2147483645
  PCTINCREASE 0 FREELISTS 1 FREELIST GROUPS 1 BUFFER_POOL DEFAULT FLASH_CACHE DEFAULT CELL_FLASH_CACHE DEFAULT)
  TABLESPACE "SYSTEM" ;
--------------------------------------------------------
--  DDL for Index UK_MEMBER2_NICK
--------------------------------------------------------

  CREATE UNIQUE INDEX "BCLASS"."UK_MEMBER2_NICK" ON "BCLASS"."BCLASS_MEMBER2" ("MEMBERNICKNAME") 
  PCTFREE 10 INITRANS 2 MAXTRANS 255 COMPUTE STATISTICS 
  STORAGE(INITIAL 65536 NEXT 1048576 MINEXTENTS 1 MAXEXTENTS 2147483645
  PCTINCREASE 0 FREELISTS 1 FREELIST GROUPS 1 BUFFER_POOL DEFAULT FLASH_CACHE DEFAULT CELL_FLASH_CACHE DEFAULT)
  TABLESPACE "SYSTEM" ;
--------------------------------------------------------
--  DDL for Index SYS_C007343
--------------------------------------------------------

  CREATE UNIQUE INDEX "BCLASS"."SYS_C007343" ON "BCLASS"."BCLASS_COMMENT" ("CIDX") 
  PCTFREE 10 INITRANS 2 MAXTRANS 255 COMPUTE STATISTICS 
  STORAGE(INITIAL 65536 NEXT 1048576 MINEXTENTS 1 MAXEXTENTS 2147483645
  PCTINCREASE 0 FREELISTS 1 FREELIST GROUPS 1 BUFFER_POOL DEFAULT FLASH_CACHE DEFAULT CELL_FLASH_CACHE DEFAULT)
  TABLESPACE "SYSTEM" ;
--------------------------------------------------------
--  DDL for Index SYS_C007336
--------------------------------------------------------

  CREATE UNIQUE INDEX "BCLASS"."SYS_C007336" ON "BCLASS"."BCLASS_BOARD" ("BIDX") 
  PCTFREE 10 INITRANS 2 MAXTRANS 255 COMPUTE STATISTICS 
  STORAGE(INITIAL 65536 NEXT 1048576 MINEXTENTS 1 MAXEXTENTS 2147483645
  PCTINCREASE 0 FREELISTS 1 FREELIST GROUPS 1 BUFFER_POOL DEFAULT FLASH_CACHE DEFAULT CELL_FLASH_CACHE DEFAULT)
  TABLESPACE "SYSTEM" ;
--------------------------------------------------------
--  Constraints for Table BCLASS_MEMBER2
--------------------------------------------------------

  ALTER TABLE "BCLASS"."BCLASS_MEMBER2" ADD CONSTRAINT "UK_MEMBER2_NICK" UNIQUE ("MEMBERNICKNAME")
  USING INDEX PCTFREE 10 INITRANS 2 MAXTRANS 255 COMPUTE STATISTICS 
  STORAGE(INITIAL 65536 NEXT 1048576 MINEXTENTS 1 MAXEXTENTS 2147483645
  PCTINCREASE 0 FREELISTS 1 FREELIST GROUPS 1 BUFFER_POOL DEFAULT FLASH_CACHE DEFAULT CELL_FLASH_CACHE DEFAULT)
  TABLESPACE "SYSTEM"  ENABLE;
  ALTER TABLE "BCLASS"."BCLASS_MEMBER2" MODIFY ("AGGREMENT" NOT NULL ENABLE);
  ALTER TABLE "BCLASS"."BCLASS_MEMBER2" ADD CONSTRAINT "MIDX_PK12" PRIMARY KEY ("MIDX")
  USING INDEX PCTFREE 10 INITRANS 2 MAXTRANS 255 COMPUTE STATISTICS 
  STORAGE(INITIAL 65536 NEXT 1048576 MINEXTENTS 1 MAXEXTENTS 2147483645
  PCTINCREASE 0 FREELISTS 1 FREELIST GROUPS 1 BUFFER_POOL DEFAULT FLASH_CACHE DEFAULT CELL_FLASH_CACHE DEFAULT)
  TABLESPACE "SYSTEM"  ENABLE;
  ALTER TABLE "BCLASS"."BCLASS_MEMBER2" MODIFY ("MEMBERNICKNAME" NOT NULL ENABLE);
  ALTER TABLE "BCLASS"."BCLASS_MEMBER2" MODIFY ("MEMBEREMAIL" NOT NULL ENABLE);
  ALTER TABLE "BCLASS"."BCLASS_MEMBER2" MODIFY ("MEMBERMBTI" NOT NULL ENABLE);
  ALTER TABLE "BCLASS"."BCLASS_MEMBER2" MODIFY ("MEMBERPHONE" NOT NULL ENABLE);
  ALTER TABLE "BCLASS"."BCLASS_MEMBER2" MODIFY ("MEMBERADDR" NOT NULL ENABLE);
  ALTER TABLE "BCLASS"."BCLASS_MEMBER2" MODIFY ("MEMBERBIRTH" NOT NULL ENABLE);
  ALTER TABLE "BCLASS"."BCLASS_MEMBER2" MODIFY ("MEMBERGENDER" NOT NULL ENABLE);
  ALTER TABLE "BCLASS"."BCLASS_MEMBER2" MODIFY ("MEMBERNAME" NOT NULL ENABLE);
  ALTER TABLE "BCLASS"."BCLASS_MEMBER2" MODIFY ("MEMBERPWD" NOT NULL ENABLE);
  ALTER TABLE "BCLASS"."BCLASS_MEMBER2" MODIFY ("MEMBERID" NOT NULL ENABLE);
  ALTER TABLE "BCLASS"."BCLASS_MEMBER2" MODIFY ("MIDX" NOT NULL ENABLE);
--------------------------------------------------------
--  Constraints for Table BCLASS_COMMENT
--------------------------------------------------------

  ALTER TABLE "BCLASS"."BCLASS_COMMENT" ADD PRIMARY KEY ("CIDX")
  USING INDEX PCTFREE 10 INITRANS 2 MAXTRANS 255 COMPUTE STATISTICS 
  STORAGE(INITIAL 65536 NEXT 1048576 MINEXTENTS 1 MAXEXTENTS 2147483645
  PCTINCREASE 0 FREELISTS 1 FREELIST GROUPS 1 BUFFER_POOL DEFAULT FLASH_CACHE DEFAULT CELL_FLASH_CACHE DEFAULT)
  TABLESPACE "SYSTEM"  ENABLE;
  ALTER TABLE "BCLASS"."BCLASS_COMMENT" MODIFY ("MIDX" NOT NULL ENABLE);
  ALTER TABLE "BCLASS"."BCLASS_COMMENT" MODIFY ("BIDX" NOT NULL ENABLE);
  ALTER TABLE "BCLASS"."BCLASS_COMMENT" MODIFY ("C_CONTENTS" NOT NULL ENABLE);
  ALTER TABLE "BCLASS"."BCLASS_COMMENT" MODIFY ("CIDX" NOT NULL ENABLE);
--------------------------------------------------------
--  Constraints for Table BCLASS_BOARD
--------------------------------------------------------

  ALTER TABLE "BCLASS"."BCLASS_BOARD" MODIFY ("PWD" NOT NULL ENABLE);
  ALTER TABLE "BCLASS"."BCLASS_BOARD" ADD CONSTRAINT "SYS_C007336" PRIMARY KEY ("BIDX")
  USING INDEX PCTFREE 10 INITRANS 2 MAXTRANS 255 COMPUTE STATISTICS 
  STORAGE(INITIAL 65536 NEXT 1048576 MINEXTENTS 1 MAXEXTENTS 2147483645
  PCTINCREASE 0 FREELISTS 1 FREELIST GROUPS 1 BUFFER_POOL DEFAULT FLASH_CACHE DEFAULT CELL_FLASH_CACHE DEFAULT)
  TABLESPACE "SYSTEM"  ENABLE;
  ALTER TABLE "BCLASS"."BCLASS_BOARD" MODIFY ("MIDX" NOT NULL ENABLE);
  ALTER TABLE "BCLASS"."BCLASS_BOARD" MODIFY ("VIEWCOUNT" NOT NULL ENABLE);
  ALTER TABLE "BCLASS"."BCLASS_BOARD" MODIFY ("CONTENTS" NOT NULL ENABLE);
  ALTER TABLE "BCLASS"."BCLASS_BOARD" MODIFY ("SUBJECT" NOT NULL ENABLE);
  ALTER TABLE "BCLASS"."BCLASS_BOARD" MODIFY ("BIDX" NOT NULL ENABLE);
