<?xml version="1.0" encoding="UTF-8"?>
<!DOCTYPE mapper PUBLIC "-//mybatis.org//DTD Mapper 3.0//EN"
"http://mybatis.org/dtd/mybatis-3-mapper.dtd">
<mapper namespace="com.ezen.myapp.persistence.NoteService_Mapper">
<insert id="noteSend" parameterType="HashMap">
insert into bclass_note(send_nick, recv_nick, content)
values(#{send_nick}, #{recv_nick},#{content})
</insert>
    
<!-- 
<select id="noteListRecv" resultType="nv" parameterType="String">
<![CDATA[select b.* from(
		select @rownum:=@rownum+1 as rnum, note.* from bclass_note as note,
					(select @rownum:=0) as r) as b
					where rnum>=1 and rnum<=15 order by no desc;
		]]>			 
</select>
 -->
 
<select id="noteListRecv" resultType="nv" parameterType="String">
	select * from bclass_note where ndelyn='N' and recv_nick = #{recv_nick}
	order by no desc limit 0,15
</select>


<select id="noteListSend" resultType="nv" parameterType="String">
	select * from bclass_note where ndelyn='N' and send_nick = #{send_nick}
	order by no desc limit 0,15
</select>

<update id="noteDelete" parameterType="Integer">
update bclass_note set ndelYn='Y' where no=#{no}
</update>

<select id="noteSelectOne" parameterType="Integer" resultType="nv">
select * from bclass_note where ndelyn='N' and no = #{no}
</select>

<select id="noteTotalCount" parameterType="String" resultType="Integer">
select count(*) as cnt from bclass_note where ndelYn='N' and send_nick = #{send_nick}
				
</select>

<select id="noteTotalCount2" parameterType="String" resultType="Integer">
select count(*) as cnt from bclass_note where ndelYn='N' and recv_nick = #{recv_nick}
				
</select>

<select id="noteSelectAll" parameterType="scri" resultType="nv">
	select * from bclass_note where ndelyn='N'
	order by no desc limit #{start}, #{end}
</select>

</mapper>