<?xml version="1.0" encoding="UTF-8"?>
<!DOCTYPE mapper PUBLIC "-//mybatis.org//DTD Mapper 3.0//EN"
"http://mybatis.org/dtd/mybatis-3-mapper.dtd">
<mapper namespace="com.ezen.myapp.persistence.NoteService_Mapper">
<insert id="noteSend" parameterType="HashMap">
insert into note(no, send_nick, recv_nick, content)
values(no_seq.nextval, #{send_nick}, #{recv_nick},#{content})
</insert>
    
<select id="noteListRecv" resultType="nv" parameterType="String">
select no, send_nick, recv_nick, content, to_char(send_time, 'YYYY-MM-DD HH24:MI') send_time
from note where recv_nick = #{recv_nick} and ndelyn='N'  order by no desc
</select>

<select id="noteListSend" resultType="nv" parameterType="String">
select no, send_nick, recv_nick, content, to_char(send_time, 'YYYY-MM-DD HH24:MI') send_time
from note where send_nick = #{send_nick} and ndelyn='N'  order by no desc
</select>

<update id="noteDelete" parameterType="Integer">
update note set ndelYn='Y' where no=#{no}
</update>


</mapper>