<?xml version="1.0" encoding="UTF-8"?>
<!DOCTYPE mapper PUBLIC "-//mybatis.org//DTD Mapper 3.0//EN"
"http://mybatis.org/dtd/mybatis-3-mapper.dtd">
<mapper namespace="com.ezen.myapp.persistence.MemberService_Mapper">

<select id="memberLogin" parameterType="String" resultType="mv">
select * from bclass_member2 where memberid = #{0} and memberpwd=#{1} and mdelYn='N'
</select>

<insert id="memberInsert" parameterType="HashMap">
insert into bclass_member2(midx, memberid, memberpwd, membername, membernickname, membergender, memberbirth, memberemail, memberphone, membermbti, memberaddr, aggrement)
values(midx_seq.nextval,#{memberid},#{memberpwd},#{membername},#{membernickname},#{membergender},#{memberbirth},#{memberemail},#{memberphone},#{membermbti}, #{memberaddr}, #{aggrement})
</insert>

<select id="memberSelectOne" parameterType="Integer" resultType="mv">
select * from bclass_member2 where mdelYN='N' and midx = #{midx}
</select>

<select id="memberFindId" parameterType="String" resultType="mv">
		select * from bclass_member2 where membername=#{0} and memberemail=#{1}
	</select>
<select id="memberFindPwd" parameterType="String" resultType="mv">
		select * from bclass_member2 where memberid=#{0} and memberemail=#{1}
	</select>

</mapper>