<?xml version="1.0" encoding="UTF-8"?>
<!DOCTYPE mapper PUBLIC "-//mybatis.org//DTD Mapper 3.0//EN"
"http://mybatis.org/dtd/mybatis-3-mapper.dtd">
<mapper namespace="com.ezen.myapp.persistence.BoardService_Mapper">


<insert id="boardInsert" parameterType="HashMap">
insert into bclass_board(bidx,originbidx,depth,nlevel,subject,contents,writer,pwd,ip,midx,filename)
values(bidx_seq.nextval,bidx_seq.nextval,0,0,#{subject},#{contents},#{writer},#{pwd},#{ip},#{midx},#{filename})
</insert>

 
<select id="boardTotalCount" resultType="Integer">
select count(*) as cnt from bclass_board where delYn='N'
	<include refid="search"></include> 
</select>


<select id="boardSelectAll" parameterType="scri" resultType="bv">
<![CDATA[select B.rnum,B.* from  
(select rownum as rnum, A.* from 
	(select * from bclass_board  where delyn='N' ]]>
	<include refid="search"></include> 
<![CDATA[	order by originbidx desc, depth) A  
where rownum <= #{page}*#{perPageNum}) B 
where B.rnum >=(#{page}-1)*#{perPageNum}+1
]]>
</select>


<sql id="search">
<if test="searchType != null and searchType.equals('writer')">
and writer like  '%'||#{keyword}||'%'
</if>
<if test="searchType != null and searchType.equals('subject')">
and subject like  '%'||#{keyword}||'%'
</if>
</sql>

<select id="boardSelectOne" parameterType="Integer" resultType="bv">
select * from bclass_board where delYN='N' and bidx = #{bidx}
</select>


<select id="commentSelectAll" parameterType="Integer" resultType="cv">
<![CDATA[select B.rnum,B.* from  
(select rownum as rnum, A.* from 
	(select * from bclass_comment  where delyn='N' and bidx=#{bidx}
	order by cidx desc) A  
where rownum <= 5) B 
where B.rnum >=1
]]>

</select>

<insert id="commentInsert" parameterType="cv">
 insert into bclass_comment(cidx,c_subject,c_contents,c_writer,bidx,midx) 
 values(cidx_seq.nextval,#{c_subject},#{c_contents},#{c_writer},#{bidx},#{midx})

</insert>


<update id="commentDel" parameterType="Integer">
update bclass_comment set delYn='Y',writeday=sysdate where cidx=#{cidx}
</update>



<select id="commentMo" parameterType="HashMap" resultType="cv">
<![CDATA[select B.rnum,B.* from  
(select rownum as rnum, A.* from 
	(select * from bclass_comment  where delyn='N' and bidx=#{bidx}
	order by cidx desc) A  
where rownum <= 5*#{page}) B 
where B.rnum >=1
]]>

</select>


<select id="commentTotalPage" parameterType="Integer" resultType="Integer">
select ceil(count(*)/5) as cnt from bclass_comment where delyn='N' and bidx=#{bidx}

</select>

<update id="boardModify" parameterType="HashMap">
update bclass_board set subject=#{subject}, writer=#{writer},contents=#{contents},writeday=sysdate where bidx=#{bidx} and pwd=#{pwd} 
</update>

<update id="boardDelete">
update bclass_board set delyn='Y',writeday=sysdate where bidx=#{bidx} and pwd = #{pwd}
</update>


<update id="boardReplyUpdate" parameterType="Integer">
<![CDATA[
update bclass_board set depth=depth+1 where originbidx=#{0} and depth > #{1}
 ]]>

</update>
<insert id="boardReplyInsert" parameterType="HashMap">
insert into bclass_board(bidx,originbidx,depth,nlevel,subject,contents,writer,viewcount,ip,midx,pwd) 
values(bidx_seq.nextval,#{originbidx},#{depth}+1,#{nlevel}+1,#{subject},#{contents},#{writer},0,#{ip},#{midx},#{pwd})

</insert>


</mapper>